CSDUID,CSD,Period,IndicatorSummaryDescription,UnitOfMeasure,OriginalValue
4805026,Drumheller,2000,Daily Vehicles (per km of road),,2440.67151
4805026,Drumheller,2001,Daily Vehicles (per km of road),,2328.48399
4805026,Drumheller,2002,Daily Vehicles (per km of road),,1482.75917
4805026,Drumheller,2003,Daily Vehicles (per km of road),,1473.37462
4805026,Drumheller,2004,Daily Vehicles (per km of road),,1547.28503
4805026,Drumheller,2005,Daily Vehicles (per km of road),,1585.12050
4805026,Drumheller,2006,Daily Vehicles (per km of road),,1608.28407
4805026,Drumheller,2007,Daily Vehicles (per km of road),,1587.60552
4805026,Drumheller,2008,Daily Vehicles (per km of road),,1606.84922
4805026,Drumheller,2009,Daily Vehicles (per km of road),,1443.32843
4805026,Drumheller,2010,Daily Vehicles (per km of road),,1395.11949
4805026,Drumheller,2011,Daily Vehicles (per km of road),,1375.87646
4805026,Drumheller,2012,Daily Vehicles (per km of road),,2024.16220
4805026,Drumheller,2013,Daily Vehicles (per km of road),,2281.10405
4805031,Starland County,2013,Daily Vehicles (per km of road),,831.23896
4805031,Starland County,2000,Daily Vehicles (per km of road),,1928.10140
4805031,Starland County,2001,Daily Vehicles (per km of road),,1895.61934
4805031,Starland County,2002,Daily Vehicles (per km of road),,824.02743
4805031,Starland County,2003,Daily Vehicles (per km of road),,821.27455
4805031,Starland County,2004,Daily Vehicles (per km of road),,826.00578
4805031,Starland County,2005,Daily Vehicles (per km of road),,875.43766
4805031,Starland County,2006,Daily Vehicles (per km of road),,911.12795
4805031,Starland County,2007,Daily Vehicles (per km of road),,924.96298
4805031,Starland County,2008,Daily Vehicles (per km of road),,886.46306
4805031,Starland County,2009,Daily Vehicles (per km of road),,866.53166
4805031,Starland County,2010,Daily Vehicles (per km of road),,825.48586
4805031,Starland County,2011,Daily Vehicles (per km of road),,859.88111
4805031,Starland County,2012,Daily Vehicles (per km of road),,893.56426
4805041,Kneehill County,2000,Daily Vehicles (per km of road),,1884.48461
4805041,Kneehill County,2001,Daily Vehicles (per km of road),,1872.32618
4805041,Kneehill County,2002,Daily Vehicles (per km of road),,999.23602
4805041,Kneehill County,2003,Daily Vehicles (per km of road),,1024.27256
4805041,Kneehill County,2004,Daily Vehicles (per km of road),,1059.84141
4805041,Kneehill County,2005,Daily Vehicles (per km of road),,1114.02022
4805041,Kneehill County,2006,Daily Vehicles (per km of road),,1152.79331
4805041,Kneehill County,2007,Daily Vehicles (per km of road),,1171.36983
4805041,Kneehill County,2008,Daily Vehicles (per km of road),,1204.04634
4805041,Kneehill County,2009,Daily Vehicles (per km of road),,1219.56370
4805041,Kneehill County,2010,Daily Vehicles (per km of road),,1223.42576
4805041,Kneehill County,2011,Daily Vehicles (per km of road),,1211.80009
4805041,Kneehill County,2012,Daily Vehicles (per km of road),,1220.47480
4805041,Kneehill County,2013,Daily Vehicles (per km of road),,1191.24518
4802001,Warner County No. 5,2013,Daily Vehicles (per km of road),,931.24845
4802001,Warner County No. 5,2000,Daily Vehicles (per km of road),,1327.62917
4802001,Warner County No. 5,2001,Daily Vehicles (per km of road),,1265.82477
4802001,Warner County No. 5,2002,Daily Vehicles (per km of road),,742.59008
4802001,Warner County No. 5,2003,Daily Vehicles (per km of road),,757.18970
4802001,Warner County No. 5,2004,Daily Vehicles (per km of road),,742.54691
4802001,Warner County No. 5,2005,Daily Vehicles (per km of road),,755.55828
4802001,Warner County No. 5,2006,Daily Vehicles (per km of road),,782.36528
4802001,Warner County No. 5,2007,Daily Vehicles (per km of road),,849.38137
4802001,Warner County No. 5,2008,Daily Vehicles (per km of road),,861.82527
4802001,Warner County No. 5,2009,Daily Vehicles (per km of road),,797.56847
4802001,Warner County No. 5,2010,Daily Vehicles (per km of road),,871.19228
4802001,Warner County No. 5,2011,Daily Vehicles (per km of road),,897.75717
4802001,Warner County No. 5,2012,Daily Vehicles (per km of road),,931.33635
4807049,Wainwright No. 61,2000,Daily Vehicles (per km of road),,1300.06075
4807049,Wainwright No. 61,2001,Daily Vehicles (per km of road),,1362.63904
4807049,Wainwright No. 61,2002,Daily Vehicles (per km of road),,884.27638
4807049,Wainwright No. 61,2003,Daily Vehicles (per km of road),,900.65187
4807049,Wainwright No. 61,2004,Daily Vehicles (per km of road),,918.44415
4807049,Wainwright No. 61,2005,Daily Vehicles (per km of road),,924.00784
4807049,Wainwright No. 61,2006,Daily Vehicles (per km of road),,940.38166
4807049,Wainwright No. 61,2007,Daily Vehicles (per km of road),,1027.28513
4807049,Wainwright No. 61,2008,Daily Vehicles (per km of road),,1065.72824
4807049,Wainwright No. 61,2009,Daily Vehicles (per km of road),,1023.72293
4807049,Wainwright No. 61,2010,Daily Vehicles (per km of road),,1047.92778
4807049,Wainwright No. 61,2011,Daily Vehicles (per km of road),,1044.24395
4807049,Wainwright No. 61,2012,Daily Vehicles (per km of road),,1075.92445
4807049,Wainwright No. 61,2013,Daily Vehicles (per km of road),,1104.33752
4808001,Red Deer County,2013,Daily Vehicles (per km of road),,5902.04126
4808001,Red Deer County,2000,Daily Vehicles (per km of road),,7849.14860
4808001,Red Deer County,2001,Daily Vehicles (per km of road),,8081.34224
4808001,Red Deer County,2002,Daily Vehicles (per km of road),,4294.46898
4808001,Red Deer County,2003,Daily Vehicles (per km of road),,4359.39568
4808001,Red Deer County,2004,Daily Vehicles (per km of road),,4477.10369
4808001,Red Deer County,2005,Daily Vehicles (per km of road),,4717.26461
4808001,Red Deer County,2006,Daily Vehicles (per km of road),,5067.22379
4808001,Red Deer County,2007,Daily Vehicles (per km of road),,5196.02405
4808001,Red Deer County,2008,Daily Vehicles (per km of road),,5330.07300
4808001,Red Deer County,2009,Daily Vehicles (per km of road),,5250.29632
4808001,Red Deer County,2010,Daily Vehicles (per km of road),,5329.53613
4808001,Red Deer County,2011,Daily Vehicles (per km of road),,5411.81985
4808001,Red Deer County,2012,Daily Vehicles (per km of road),,5759.88281
4805012,Wheatland County,2000,Daily Vehicles (per km of road),,3819.11341
4805012,Wheatland County,2001,Daily Vehicles (per km of road),,3885.82846
4805012,Wheatland County,2002,Daily Vehicles (per km of road),,1989.23460
4805012,Wheatland County,2003,Daily Vehicles (per km of road),,2091.20945
4805012,Wheatland County,2004,Daily Vehicles (per km of road),,2201.63114
4805012,Wheatland County,2005,Daily Vehicles (per km of road),,2350.57618
4805012,Wheatland County,2006,Daily Vehicles (per km of road),,2437.57225
4805012,Wheatland County,2007,Daily Vehicles (per km of road),,2466.75897
4805012,Wheatland County,2008,Daily Vehicles (per km of road),,2445.49366
4805012,Wheatland County,2009,Daily Vehicles (per km of road),,2387.50080
4805012,Wheatland County,2010,Daily Vehicles (per km of road),,2401.99686
4805012,Wheatland County,2011,Daily Vehicles (per km of road),,2453.95741
4805012,Wheatland County,2012,Daily Vehicles (per km of road),,2531.11493
4805012,Wheatland County,2013,Daily Vehicles (per km of road),,2470.76841
4807019,Stettler County No. 6,2013,Daily Vehicles (per km of road),,1002.32321
4807019,Stettler County No. 6,2000,Daily Vehicles (per km of road),,1757.85845
4807019,Stettler County No. 6,2001,Daily Vehicles (per km of road),,1724.81679
4807019,Stettler County No. 6,2002,Daily Vehicles (per km of road),,796.02487
4807019,Stettler County No. 6,2003,Daily Vehicles (per km of road),,816.63785
4807019,Stettler County No. 6,2004,Daily Vehicles (per km of road),,854.81736
4807019,Stettler County No. 6,2005,Daily Vehicles (per km of road),,921.58886
4807019,Stettler County No. 6,2006,Daily Vehicles (per km of road),,1003.51138
4807019,Stettler County No. 6,2007,Daily Vehicles (per km of road),,990.02415
4807019,Stettler County No. 6,2008,Daily Vehicles (per km of road),,955.95471
4807019,Stettler County No. 6,2009,Daily Vehicles (per km of road),,932.82961
4807019,Stettler County No. 6,2010,Daily Vehicles (per km of road),,923.70211
4807019,Stettler County No. 6,2011,Daily Vehicles (per km of road),,960.21208
4807019,Stettler County No. 6,2012,Daily Vehicles (per km of road),,1009.62611
4808022,Lacombe County,2000,Daily Vehicles (per km of road),,4123.81393
4808022,Lacombe County,2001,Daily Vehicles (per km of road),,4216.72923
4808022,Lacombe County,2002,Daily Vehicles (per km of road),,3052.50249
4808022,Lacombe County,2003,Daily Vehicles (per km of road),,3126.79041
4808022,Lacombe County,2004,Daily Vehicles (per km of road),,3187.54753
4808022,Lacombe County,2005,Daily Vehicles (per km of road),,3298.53441
4808022,Lacombe County,2006,Daily Vehicles (per km of road),,3514.10754
4808022,Lacombe County,2007,Daily Vehicles (per km of road),,3629.24144
4808022,Lacombe County,2008,Daily Vehicles (per km of road),,3668.69726
4808022,Lacombe County,2009,Daily Vehicles (per km of road),,3620.71192
4808022,Lacombe County,2010,Daily Vehicles (per km of road),,3699.18290
4808022,Lacombe County,2011,Daily Vehicles (per km of road),,3814.70661
4808022,Lacombe County,2012,Daily Vehicles (per km of road),,3974.63564
4808022,Lacombe County,2013,Daily Vehicles (per km of road),,3960.21573
4807031,Flagstaff County,2013,Daily Vehicles (per km of road),,897.31467
4807031,Flagstaff County,2000,Daily Vehicles (per km of road),,1220.52050
4807031,Flagstaff County,2001,Daily Vehicles (per km of road),,1271.66025
4807031,Flagstaff County,2002,Daily Vehicles (per km of road),,760.26365
4807031,Flagstaff County,2003,Daily Vehicles (per km of road),,763.48510
4807031,Flagstaff County,2004,Daily Vehicles (per km of road),,774.52913
4807031,Flagstaff County,2005,Daily Vehicles (per km of road),,807.37601
4807031,Flagstaff County,2006,Daily Vehicles (per km of road),,835.08572
4807031,Flagstaff County,2007,Daily Vehicles (per km of road),,861.51256
4807031,Flagstaff County,2008,Daily Vehicles (per km of road),,900.20325
4807031,Flagstaff County,2009,Daily Vehicles (per km of road),,885.37182
4807031,Flagstaff County,2010,Daily Vehicles (per km of road),,868.60586
4807031,Flagstaff County,2011,Daily Vehicles (per km of road),,870.54039
4807031,Flagstaff County,2012,Daily Vehicles (per km of road),,908.65246
4807011,Paintearth County No. 18,2000,Daily Vehicles (per km of road),,1051.06513
4807011,Paintearth County No. 18,2001,Daily Vehicles (per km of road),,1087.49292
4807011,Paintearth County No. 18,2002,Daily Vehicles (per km of road),,748.28819
4807011,Paintearth County No. 18,2003,Daily Vehicles (per km of road),,778.41408
4807011,Paintearth County No. 18,2004,Daily Vehicles (per km of road),,733.52122
4807011,Paintearth County No. 18,2005,Daily Vehicles (per km of road),,724.73870
4807011,Paintearth County No. 18,2006,Daily Vehicles (per km of road),,734.47974
4807011,Paintearth County No. 18,2007,Daily Vehicles (per km of road),,705.41877
4807011,Paintearth County No. 18,2008,Daily Vehicles (per km of road),,710.08337
4807011,Paintearth County No. 18,2009,Daily Vehicles (per km of road),,685.98818
4807011,Paintearth County No. 18,2010,Daily Vehicles (per km of road),,709.30789
4807011,Paintearth County No. 18,2011,Daily Vehicles (per km of road),,727.76933
4807011,Paintearth County No. 18,2012,Daily Vehicles (per km of road),,747.74553
4807011,Paintearth County No. 18,2013,Daily Vehicles (per km of road),,740.67861
4810001,Camrose County,2013,Daily Vehicles (per km of road),,1789.59066
4810001,Camrose County,2000,Daily Vehicles (per km of road),,2207.19280
4810001,Camrose County,2001,Daily Vehicles (per km of road),,2278.20129
4810001,Camrose County,2002,Daily Vehicles (per km of road),,1551.21372
4810001,Camrose County,2003,Daily Vehicles (per km of road),,1581.93082
4810001,Camrose County,2004,Daily Vehicles (per km of road),,1601.34464
4810001,Camrose County,2005,Daily Vehicles (per km of road),,1639.70871
4810001,Camrose County,2006,Daily Vehicles (per km of road),,1737.03930
4810001,Camrose County,2007,Daily Vehicles (per km of road),,1797.30573
4810001,Camrose County,2008,Daily Vehicles (per km of road),,1791.16493
4810001,Camrose County,2009,Daily Vehicles (per km of road),,1734.93164
4810001,Camrose County,2010,Daily Vehicles (per km of road),,1740.52218
4810001,Camrose County,2011,Daily Vehicles (per km of road),,1749.21858
4810001,Camrose County,2012,Daily Vehicles (per km of road),,1777.78843
4802012,Lethbridge,2000,Daily Vehicles (per km of road),,14857.32698
4802012,Lethbridge,2001,Daily Vehicles (per km of road),,15481.06509
4802012,Lethbridge,2002,Daily Vehicles (per km of road),,16246.30098
4802012,Lethbridge,2003,Daily Vehicles (per km of road),,16520.66553
4802012,Lethbridge,2004,Daily Vehicles (per km of road),,16567.43260
4802012,Lethbridge,2005,Daily Vehicles (per km of road),,17280.74319
4802012,Lethbridge,2006,Daily Vehicles (per km of road),,17773.84986
4802012,Lethbridge,2007,Daily Vehicles (per km of road),,18813.40072
4802012,Lethbridge,2008,Daily Vehicles (per km of road),,18948.15177
4802012,Lethbridge,2009,Daily Vehicles (per km of road),,18810.70404
4802012,Lethbridge,2010,Daily Vehicles (per km of road),,19203.41185
4802012,Lethbridge,2011,Daily Vehicles (per km of road),,19002.97216
4802012,Lethbridge,2012,Daily Vehicles (per km of road),,19434.85789
4802012,Lethbridge,2013,Daily Vehicles (per km of road),,19533.01374
4803001,Cardston County,2013,Daily Vehicles (per km of road),,1017.49305
4803001,Cardston County,2000,Daily Vehicles (per km of road),,1632.47022
4803001,Cardston County,2001,Daily Vehicles (per km of road),,1637.16285
4803001,Cardston County,2002,Daily Vehicles (per km of road),,926.77424
4803001,Cardston County,2003,Daily Vehicles (per km of road),,952.68844
4803001,Cardston County,2004,Daily Vehicles (per km of road),,948.27199
4803001,Cardston County,2005,Daily Vehicles (per km of road),,931.13958
4803001,Cardston County,2006,Daily Vehicles (per km of road),,948.15569
4803001,Cardston County,2007,Daily Vehicles (per km of road),,967.96179
4803001,Cardston County,2008,Daily Vehicles (per km of road),,964.46738
4803001,Cardston County,2009,Daily Vehicles (per km of road),,967.97942
4803001,Cardston County,2010,Daily Vehicles (per km of road),,989.43643
4803001,Cardston County,2011,Daily Vehicles (per km of road),,1003.41095
4803001,Cardston County,2012,Daily Vehicles (per km of road),,1015.49698
4803003,Improvement District No.  4 Waterton,2001,Daily Vehicles (per km of road),,429.13270
4802031,Newell County,2013,Daily Vehicles (per km of road),,1933.21166
4802031,Newell County,2000,Daily Vehicles (per km of road),,4377.11364
4802031,Newell County,2001,Daily Vehicles (per km of road),,4403.32916
4802031,Newell County,2002,Daily Vehicles (per km of road),,1861.92047
4802031,Newell County,2003,Daily Vehicles (per km of road),,1916.33892
4802031,Newell County,2004,Daily Vehicles (per km of road),,2068.03380
4802031,Newell County,2005,Daily Vehicles (per km of road),,2197.70764
4802031,Newell County,2006,Daily Vehicles (per km of road),,2211.58828
4802031,Newell County,2007,Daily Vehicles (per km of road),,1974.24612
4802031,Newell County,2008,Daily Vehicles (per km of road),,1931.85750
4802031,Newell County,2009,Daily Vehicles (per km of road),,1863.03299
4802031,Newell County,2010,Daily Vehicles (per km of road),,1869.59121
4802031,Newell County,2011,Daily Vehicles (per km of road),,1879.97271
4802031,Newell County,2012,Daily Vehicles (per km of road),,1947.06428
4808038,Ponoka County,2000,Daily Vehicles (per km of road),,4407.13463
4808038,Ponoka County,2001,Daily Vehicles (per km of road),,4449.74562
4808038,Ponoka County,2002,Daily Vehicles (per km of road),,2374.93478
4808038,Ponoka County,2003,Daily Vehicles (per km of road),,2421.73776
4808038,Ponoka County,2004,Daily Vehicles (per km of road),,2490.18277
4808038,Ponoka County,2005,Daily Vehicles (per km of road),,2596.40210
4808038,Ponoka County,2006,Daily Vehicles (per km of road),,2744.15412
4808038,Ponoka County,2007,Daily Vehicles (per km of road),,2811.84722
4808038,Ponoka County,2008,Daily Vehicles (per km of road),,2840.31362
4808038,Ponoka County,2009,Daily Vehicles (per km of road),,2768.39051
4808038,Ponoka County,2010,Daily Vehicles (per km of road),,2853.82197
4808038,Ponoka County,2011,Daily Vehicles (per km of road),,2935.42526
4808038,Ponoka County,2012,Daily Vehicles (per km of road),,3016.10645
4808038,Ponoka County,2013,Daily Vehicles (per km of road),,3114.85711
4812037,Lac la Biche County,2013,Daily Vehicles (per km of road),,2638.55797
4812037,Lac la Biche County,2000,Daily Vehicles (per km of road),,1727.17633
4812037,Lac la Biche County,2001,Daily Vehicles (per km of road),,1937.53070
4812037,Lac la Biche County,2002,Daily Vehicles (per km of road),,1354.50803
4812037,Lac la Biche County,2003,Daily Vehicles (per km of road),,1419.56445
4812037,Lac la Biche County,2004,Daily Vehicles (per km of road),,1454.63469
4812037,Lac la Biche County,2005,Daily Vehicles (per km of road),,1136.60141
4812037,Lac la Biche County,2006,Daily Vehicles (per km of road),,1362.69434
4812037,Lac la Biche County,2007,Daily Vehicles (per km of road),,2133.63388
4812037,Lac la Biche County,2008,Daily Vehicles (per km of road),,2237.15688
4812037,Lac la Biche County,2009,Daily Vehicles (per km of road),,1951.68230
4812037,Lac la Biche County,2010,Daily Vehicles (per km of road),,2060.68248
4812037,Lac la Biche County,2011,Daily Vehicles (per km of road),,2280.66659
4812037,Lac la Biche County,2012,Daily Vehicles (per km of road),,2674.17961
4809002,Clearwater County,2000,Daily Vehicles (per km of road),,1652.91170
4809002,Clearwater County,2001,Daily Vehicles (per km of road),,1739.02075
4809002,Clearwater County,2002,Daily Vehicles (per km of road),,1063.31562
4809002,Clearwater County,2003,Daily Vehicles (per km of road),,1082.11754
4809002,Clearwater County,2004,Daily Vehicles (per km of road),,1098.36819
4809002,Clearwater County,2005,Daily Vehicles (per km of road),,1188.45472
4809002,Clearwater County,2006,Daily Vehicles (per km of road),,1253.98697
4809002,Clearwater County,2007,Daily Vehicles (per km of road),,1177.89521
4809002,Clearwater County,2008,Daily Vehicles (per km of road),,1141.78162
4809002,Clearwater County,2009,Daily Vehicles (per km of road),,1076.04562
4809002,Clearwater County,2010,Daily Vehicles (per km of road),,1090.75968
4809002,Clearwater County,2011,Daily Vehicles (per km of road),,1146.93262
4809002,Clearwater County,2012,Daily Vehicles (per km of road),,1203.84236
4809002,Clearwater County,2013,Daily Vehicles (per km of road),,1226.97851
4810026,Minburn County No. 27,2013,Daily Vehicles (per km of road),,2862.57675
4810026,Minburn County No. 27,2000,Daily Vehicles (per km of road),,4285.15147
4810026,Minburn County No. 27,2001,Daily Vehicles (per km of road),,4398.84127
4810026,Minburn County No. 27,2002,Daily Vehicles (per km of road),,2109.41475
4810026,Minburn County No. 27,2003,Daily Vehicles (per km of road),,2142.98394
4810026,Minburn County No. 27,2004,Daily Vehicles (per km of road),,2260.19234
4810026,Minburn County No. 27,2005,Daily Vehicles (per km of road),,2301.14430
4810026,Minburn County No. 27,2006,Daily Vehicles (per km of road),,2355.79510
4810026,Minburn County No. 27,2007,Daily Vehicles (per km of road),,2514.22781
4810026,Minburn County No. 27,2008,Daily Vehicles (per km of road),,2526.01950
4810026,Minburn County No. 27,2009,Daily Vehicles (per km of road),,2555.12740
4810026,Minburn County No. 27,2010,Daily Vehicles (per km of road),,2647.02556
4810026,Minburn County No. 27,2011,Daily Vehicles (per km of road),,2732.53085
4810026,Minburn County No. 27,2012,Daily Vehicles (per km of road),,2844.25040
4813028,Westlock County,2000,Daily Vehicles (per km of road),,2679.20979
4813028,Westlock County,2001,Daily Vehicles (per km of road),,2711.86766
4813028,Westlock County,2002,Daily Vehicles (per km of road),,1630.10400
4813028,Westlock County,2003,Daily Vehicles (per km of road),,1622.18740
4813028,Westlock County,2004,Daily Vehicles (per km of road),,1640.94031
4813028,Westlock County,2005,Daily Vehicles (per km of road),,1699.89969
4813028,Westlock County,2006,Daily Vehicles (per km of road),,1787.67680
4813028,Westlock County,2007,Daily Vehicles (per km of road),,1854.55686
4813028,Westlock County,2008,Daily Vehicles (per km of road),,1875.20107
4813028,Westlock County,2009,Daily Vehicles (per km of road),,1826.67488
4813028,Westlock County,2010,Daily Vehicles (per km of road),,1894.27060
4813028,Westlock County,2011,Daily Vehicles (per km of road),,1919.71839
4813028,Westlock County,2012,Daily Vehicles (per km of road),,1971.75234
4813028,Westlock County,2013,Daily Vehicles (per km of road),,1911.33877
4813029,Woodlands County,2013,Daily Vehicles (per km of road),,2606.25213
4813029,Woodlands County,2000,Daily Vehicles (per km of road),,2879.41477
4813029,Woodlands County,2001,Daily Vehicles (per km of road),,2868.97094
4813029,Woodlands County,2002,Daily Vehicles (per km of road),,1662.95965
4813029,Woodlands County,2003,Daily Vehicles (per km of road),,1835.70556
4813029,Woodlands County,2004,Daily Vehicles (per km of road),,1929.58336
4813029,Woodlands County,2005,Daily Vehicles (per km of road),,2167.50477
4813029,Woodlands County,2006,Daily Vehicles (per km of road),,2363.77763
4813029,Woodlands County,2007,Daily Vehicles (per km of road),,2313.85695
4813029,Woodlands County,2008,Daily Vehicles (per km of road),,2396.34411
4813029,Woodlands County,2009,Daily Vehicles (per km of road),,2235.77060
4813029,Woodlands County,2010,Daily Vehicles (per km of road),,2388.15453
4813029,Woodlands County,2011,Daily Vehicles (per km of road),,2491.67276
4813029,Woodlands County,2012,Daily Vehicles (per km of road),,2743.22641
4813018,Barrhead County No. 11,2000,Daily Vehicles (per km of road),,1751.28724
4813018,Barrhead County No. 11,2001,Daily Vehicles (per km of road),,1764.35548
4813018,Barrhead County No. 11,2002,Daily Vehicles (per km of road),,946.20233
4813018,Barrhead County No. 11,2003,Daily Vehicles (per km of road),,955.60792
4813018,Barrhead County No. 11,2004,Daily Vehicles (per km of road),,971.53072
4813018,Barrhead County No. 11,2005,Daily Vehicles (per km of road),,994.46786
4813018,Barrhead County No. 11,2006,Daily Vehicles (per km of road),,1061.34039
4813018,Barrhead County No. 11,2007,Daily Vehicles (per km of road),,1075.11058
4813018,Barrhead County No. 11,2008,Daily Vehicles (per km of road),,1079.81360
4813018,Barrhead County No. 11,2009,Daily Vehicles (per km of road),,1059.12031
4813018,Barrhead County No. 11,2010,Daily Vehicles (per km of road),,1058.17608
4813018,Barrhead County No. 11,2011,Daily Vehicles (per km of road),,1057.22822
4813018,Barrhead County No. 11,2012,Daily Vehicles (per km of road),,1082.14129
4813018,Barrhead County No. 11,2013,Daily Vehicles (per km of road),,1070.85920
4810016,Beaver County,2013,Daily Vehicles (per km of road),,992.72593
4810016,Beaver County,2000,Daily Vehicles (per km of road),,1577.15717
4810016,Beaver County,2001,Daily Vehicles (per km of road),,1654.52240
4810016,Beaver County,2002,Daily Vehicles (per km of road),,884.77357
4810016,Beaver County,2003,Daily Vehicles (per km of road),,857.00041
4810016,Beaver County,2004,Daily Vehicles (per km of road),,885.50560
4810016,Beaver County,2005,Daily Vehicles (per km of road),,892.92140
4810016,Beaver County,2006,Daily Vehicles (per km of road),,914.71119
4810016,Beaver County,2007,Daily Vehicles (per km of road),,968.50815
4810016,Beaver County,2008,Daily Vehicles (per km of road),,999.17017
4810016,Beaver County,2009,Daily Vehicles (per km of road),,974.73020
4810016,Beaver County,2010,Daily Vehicles (per km of road),,991.65586
4810016,Beaver County,2011,Daily Vehicles (per km of road),,972.28477
4810016,Beaver County,2012,Daily Vehicles (per km of road),,984.17823
4801006,Medicine Hat,2000,Daily Vehicles (per km of road),,18506.97250
4801006,Medicine Hat,2001,Daily Vehicles (per km of road),,13587.32361
4801006,Medicine Hat,2002,Daily Vehicles (per km of road),,14014.16198
4801006,Medicine Hat,2003,Daily Vehicles (per km of road),,14525.83524
4801006,Medicine Hat,2004,Daily Vehicles (per km of road),,14869.36253
4801006,Medicine Hat,2005,Daily Vehicles (per km of road),,15220.70015
4801006,Medicine Hat,2006,Daily Vehicles (per km of road),,15489.07129
4801006,Medicine Hat,2007,Daily Vehicles (per km of road),,20024.84716
4801006,Medicine Hat,2008,Daily Vehicles (per km of road),,20699.15324
4801006,Medicine Hat,2009,Daily Vehicles (per km of road),,20188.31530
4801006,Medicine Hat,2010,Daily Vehicles (per km of road),,15448.52691
4801006,Medicine Hat,2011,Daily Vehicles (per km of road),,15336.17399
4801006,Medicine Hat,2012,Daily Vehicles (per km of road),,16277.12972
4801006,Medicine Hat,2013,Daily Vehicles (per km of road),,16642.27672
4801008,Forty Mile County No. 8,2013,Daily Vehicles (per km of road),,517.90043
4801008,Forty Mile County No. 8,2000,Daily Vehicles (per km of road),,1170.27360
4801008,Forty Mile County No. 8,2001,Daily Vehicles (per km of road),,1150.44565
4801008,Forty Mile County No. 8,2002,Daily Vehicles (per km of road),,449.60388
4801008,Forty Mile County No. 8,2003,Daily Vehicles (per km of road),,475.73098
4801008,Forty Mile County No. 8,2004,Daily Vehicles (per km of road),,483.68924
4801008,Forty Mile County No. 8,2005,Daily Vehicles (per km of road),,500.02563
4801008,Forty Mile County No. 8,2006,Daily Vehicles (per km of road),,503.86267
4801008,Forty Mile County No. 8,2007,Daily Vehicles (per km of road),,515.32436
4801008,Forty Mile County No. 8,2008,Daily Vehicles (per km of road),,495.90319
4801008,Forty Mile County No. 8,2009,Daily Vehicles (per km of road),,493.18036
4801008,Forty Mile County No. 8,2010,Daily Vehicles (per km of road),,494.41324
4801008,Forty Mile County No. 8,2011,Daily Vehicles (per km of road),,508.05599
4801008,Forty Mile County No. 8,2012,Daily Vehicles (per km of road),,516.80897
4801003,Cypress County,2000,Daily Vehicles (per km of road),,2546.18042
4801003,Cypress County,2001,Daily Vehicles (per km of road),,2614.58087
4801003,Cypress County,2002,Daily Vehicles (per km of road),,1574.29065
4801003,Cypress County,2003,Daily Vehicles (per km of road),,1625.64416
4801003,Cypress County,2004,Daily Vehicles (per km of road),,1671.01774
4801003,Cypress County,2005,Daily Vehicles (per km of road),,1747.10500
4801003,Cypress County,2006,Daily Vehicles (per km of road),,1764.36994
4801003,Cypress County,2007,Daily Vehicles (per km of road),,1799.51342
4801003,Cypress County,2008,Daily Vehicles (per km of road),,1791.55489
4801003,Cypress County,2009,Daily Vehicles (per km of road),,1760.74142
4801003,Cypress County,2010,Daily Vehicles (per km of road),,1734.07657
4801003,Cypress County,2011,Daily Vehicles (per km of road),,1737.18838
4801003,Cypress County,2012,Daily Vehicles (per km of road),,1772.18077
4801003,Cypress County,2013,Daily Vehicles (per km of road),,1771.29645
4803018,Willow Creek No. 26,2013,Daily Vehicles (per km of road),,2576.15861
4803018,Willow Creek No. 26,2000,Daily Vehicles (per km of road),,5374.14715
4803018,Willow Creek No. 26,2001,Daily Vehicles (per km of road),,5338.78148
4803018,Willow Creek No. 26,2002,Daily Vehicles (per km of road),,1876.09171
4803018,Willow Creek No. 26,2003,Daily Vehicles (per km of road),,1959.05966
4803018,Willow Creek No. 26,2004,Daily Vehicles (per km of road),,2021.78790
4803018,Willow Creek No. 26,2005,Daily Vehicles (per km of road),,2082.18500
4803018,Willow Creek No. 26,2006,Daily Vehicles (per km of road),,2179.58419
4803018,Willow Creek No. 26,2007,Daily Vehicles (per km of road),,2339.02053
4803018,Willow Creek No. 26,2008,Daily Vehicles (per km of road),,2358.49269
4803018,Willow Creek No. 26,2009,Daily Vehicles (per km of road),,2401.13841
4803018,Willow Creek No. 26,2010,Daily Vehicles (per km of road),,2437.55709
4803018,Willow Creek No. 26,2011,Daily Vehicles (per km of road),,2492.04616
4803018,Willow Creek No. 26,2012,Daily Vehicles (per km of road),,2497.88931
4802011,Lethbridge County,2000,Daily Vehicles (per km of road),,4562.37014
4802011,Lethbridge County,2001,Daily Vehicles (per km of road),,4558.39140
4802011,Lethbridge County,2002,Daily Vehicles (per km of road),,2504.33950
4802011,Lethbridge County,2003,Daily Vehicles (per km of road),,2504.23191
4802011,Lethbridge County,2004,Daily Vehicles (per km of road),,2526.03328
4802011,Lethbridge County,2005,Daily Vehicles (per km of road),,2534.50989
4802011,Lethbridge County,2006,Daily Vehicles (per km of road),,2558.78617
4802011,Lethbridge County,2007,Daily Vehicles (per km of road),,2734.46586
4802011,Lethbridge County,2008,Daily Vehicles (per km of road),,2721.40898
4802011,Lethbridge County,2009,Daily Vehicles (per km of road),,2721.17293
4802011,Lethbridge County,2010,Daily Vehicles (per km of road),,2764.35158
4802011,Lethbridge County,2011,Daily Vehicles (per km of road),,2851.76242
4802011,Lethbridge County,2012,Daily Vehicles (per km of road),,2941.98678
4802011,Lethbridge County,2013,Daily Vehicles (per km of road),,2978.73362
4802021,"Taber, M.D.",2013,Daily Vehicles (per km of road),,1693.57932
4802021,"Taber, M.D.",2000,Daily Vehicles (per km of road),,3457.18810
4802021,"Taber, M.D.",2001,Daily Vehicles (per km of road),,3524.15832
4802021,"Taber, M.D.",2002,Daily Vehicles (per km of road),,1412.32455
4802021,"Taber, M.D.",2003,Daily Vehicles (per km of road),,1412.32455
4802021,"Taber, M.D.",2004,Daily Vehicles (per km of road),,1425.13457
4802021,"Taber, M.D.",2005,Daily Vehicles (per km of road),,1428.64768
4802021,"Taber, M.D.",2006,Daily Vehicles (per km of road),,1453.53396
4802021,"Taber, M.D.",2007,Daily Vehicles (per km of road),,1508.24834
4802021,"Taber, M.D.",2008,Daily Vehicles (per km of road),,1504.20667
4802021,"Taber, M.D.",2009,Daily Vehicles (per km of road),,1494.76745
4802021,"Taber, M.D.",2010,Daily Vehicles (per km of road),,1514.32757
4802021,"Taber, M.D.",2011,Daily Vehicles (per km of road),,1548.72108
4802021,"Taber, M.D.",2012,Daily Vehicles (per km of road),,1579.63694
4803011,Pincher Creek No. 9,2000,Daily Vehicles (per km of road),,2460.46920
4803011,Pincher Creek No. 9,2001,Daily Vehicles (per km of road),,2508.23178
4803011,Pincher Creek No. 9,2002,Daily Vehicles (per km of road),,1439.92344
4803011,Pincher Creek No. 9,2003,Daily Vehicles (per km of road),,1439.92344
4803011,Pincher Creek No. 9,2004,Daily Vehicles (per km of road),,1461.36157
4803011,Pincher Creek No. 9,2005,Daily Vehicles (per km of road),,1436.73220
4803011,Pincher Creek No. 9,2006,Daily Vehicles (per km of road),,1503.20197
4803011,Pincher Creek No. 9,2007,Daily Vehicles (per km of road),,1573.43766
4803011,Pincher Creek No. 9,2008,Daily Vehicles (per km of road),,1587.02373
4803011,Pincher Creek No. 9,2009,Daily Vehicles (per km of road),,1587.02373
4803011,Pincher Creek No. 9,2010,Daily Vehicles (per km of road),,1617.54729
4803011,Pincher Creek No. 9,2011,Daily Vehicles (per km of road),,1599.19069
4803011,Pincher Creek No. 9,2012,Daily Vehicles (per km of road),,1650.27892
4803011,Pincher Creek No. 9,2013,Daily Vehicles (per km of road),,1657.06670
4804001,Acadia No. 34,2013,Daily Vehicles (per km of road),,368.20711
4804001,Acadia No. 34,2000,Daily Vehicles (per km of road),,481.05784
4804001,Acadia No. 34,2001,Daily Vehicles (per km of road),,475.28935
4804001,Acadia No. 34,2002,Daily Vehicles (per km of road),,273.83421
4804001,Acadia No. 34,2003,Daily Vehicles (per km of road),,285.61203
4804001,Acadia No. 34,2004,Daily Vehicles (per km of road),,288.55648
4804001,Acadia No. 34,2005,Daily Vehicles (per km of road),,303.26897
4804001,Acadia No. 34,2006,Daily Vehicles (per km of road),,312.10205
4804001,Acadia No. 34,2007,Daily Vehicles (per km of road),,329.76466
4804001,Acadia No. 34,2008,Daily Vehicles (per km of road),,332.70899
4804001,Acadia No. 34,2009,Daily Vehicles (per km of road),,359.20793
4804001,Acadia No. 34,2010,Daily Vehicles (per km of road),,353.32308
4804001,Acadia No. 34,2011,Daily Vehicles (per km of road),,347.43436
4804001,Acadia No. 34,2012,Daily Vehicles (per km of road),,359.37014
4804004,Special Area No. 2,2000,Daily Vehicles (per km of road),,1226.55030
4804004,Special Area No. 2,2001,Daily Vehicles (per km of road),,1273.03793
4804004,Special Area No. 2,2002,Daily Vehicles (per km of road),,504.11079
4804004,Special Area No. 2,2003,Daily Vehicles (per km of road),,510.25848
4804004,Special Area No. 2,2004,Daily Vehicles (per km of road),,527.15422
4804004,Special Area No. 2,2005,Daily Vehicles (per km of road),,559.26721
4804004,Special Area No. 2,2006,Daily Vehicles (per km of road),,578.05028
4804004,Special Area No. 2,2007,Daily Vehicles (per km of road),,565.65964
4804004,Special Area No. 2,2008,Daily Vehicles (per km of road),,551.31320
4804004,Special Area No. 2,2009,Daily Vehicles (per km of road),,545.50631
4804004,Special Area No. 2,2010,Daily Vehicles (per km of road),,529.11104
4804004,Special Area No. 2,2011,Daily Vehicles (per km of road),,527.05892
4804004,Special Area No. 2,2012,Daily Vehicles (per km of road),,542.42869
4804004,Special Area No. 2,2013,Daily Vehicles (per km of road),,558.48294
4804012,Special Area No. 3,2013,Daily Vehicles (per km of road),,570.18461
4804012,Special Area No. 3,2000,Daily Vehicles (per km of road),,1042.08898
4804012,Special Area No. 3,2001,Daily Vehicles (per km of road),,1028.90302
4804012,Special Area No. 3,2002,Daily Vehicles (per km of road),,496.67831
4804012,Special Area No. 3,2003,Daily Vehicles (per km of road),,502.18472
4804012,Special Area No. 3,2004,Daily Vehicles (per km of road),,503.35176
4804012,Special Area No. 3,2005,Daily Vehicles (per km of road),,519.85957
4804012,Special Area No. 3,2006,Daily Vehicles (per km of road),,570.58120
4804012,Special Area No. 3,2007,Daily Vehicles (per km of road),,568.57608
4804012,Special Area No. 3,2008,Daily Vehicles (per km of road),,585.67197
4804012,Special Area No. 3,2009,Daily Vehicles (per km of road),,599.45897
4804012,Special Area No. 3,2010,Daily Vehicles (per km of road),,585.12049
4804012,Special Area No. 3,2011,Daily Vehicles (per km of road),,539.34871
4804012,Special Area No. 3,2012,Daily Vehicles (per km of road),,550.88436
4804020,Special Area No. 4,2000,Daily Vehicles (per km of road),,671.10505
4804020,Special Area No. 4,2001,Daily Vehicles (per km of road),,687.83727
4804020,Special Area No. 4,2002,Daily Vehicles (per km of road),,445.97429
4804020,Special Area No. 4,2003,Daily Vehicles (per km of road),,444.80987
4804020,Special Area No. 4,2004,Daily Vehicles (per km of road),,473.93657
4804020,Special Area No. 4,2005,Daily Vehicles (per km of road),,449.44082
4804020,Special Area No. 4,2006,Daily Vehicles (per km of road),,443.63790
4804020,Special Area No. 4,2007,Daily Vehicles (per km of road),,431.98285
4804020,Special Area No. 4,2008,Daily Vehicles (per km of road),,453.55019
4804020,Special Area No. 4,2009,Daily Vehicles (per km of road),,443.62659
4804020,Special Area No. 4,2010,Daily Vehicles (per km of road),,424.99660
4804020,Special Area No. 4,2011,Daily Vehicles (per km of road),,449.44846
4804020,Special Area No. 4,2012,Daily Vehicles (per km of road),,464.14543
4804020,Special Area No. 4,2013,Daily Vehicles (per km of road),,459.49235
4805001,Vulcan County,2013,Daily Vehicles (per km of road),,886.00746
4805001,Vulcan County,2000,Daily Vehicles (per km of road),,1855.76959
4805001,Vulcan County,2001,Daily Vehicles (per km of road),,1960.28161
4805001,Vulcan County,2002,Daily Vehicles (per km of road),,848.24132
4805001,Vulcan County,2003,Daily Vehicles (per km of road),,849.68048
4805001,Vulcan County,2004,Daily Vehicles (per km of road),,832.22215
4805001,Vulcan County,2005,Daily Vehicles (per km of road),,841.52446
4805001,Vulcan County,2006,Daily Vehicles (per km of road),,876.93657
4805001,Vulcan County,2007,Daily Vehicles (per km of road),,918.73259
4805001,Vulcan County,2008,Daily Vehicles (per km of road),,902.04050
4805001,Vulcan County,2009,Daily Vehicles (per km of road),,876.66426
4805001,Vulcan County,2010,Daily Vehicles (per km of road),,882.67338
4805001,Vulcan County,2011,Daily Vehicles (per km of road),,888.00833
4805001,Vulcan County,2012,Daily Vehicles (per km of road),,893.35191
4806001,Foothills County,2000,Daily Vehicles (per km of road),,6192.70977
4806001,Foothills County,2001,Daily Vehicles (per km of road),,6348.48399
4806001,Foothills County,2002,Daily Vehicles (per km of road),,3338.07954
4806001,Foothills County,2003,Daily Vehicles (per km of road),,3418.92312
4806001,Foothills County,2004,Daily Vehicles (per km of road),,3162.93441
4806001,Foothills County,2005,Daily Vehicles (per km of road),,3409.37773
4806001,Foothills County,2006,Daily Vehicles (per km of road),,3664.81970
4806001,Foothills County,2007,Daily Vehicles (per km of road),,3904.46672
4806001,Foothills County,2008,Daily Vehicles (per km of road),,4004.72745
4806001,Foothills County,2009,Daily Vehicles (per km of road),,3958.88524
4806001,Foothills County,2010,Daily Vehicles (per km of road),,4048.34929
4806001,Foothills County,2011,Daily Vehicles (per km of road),,4064.53609
4806001,Foothills County,2012,Daily Vehicles (per km of road),,4239.19755
4806001,Foothills County,2013,Daily Vehicles (per km of road),,4293.45334
4806014,Rocky View County,2013,Daily Vehicles (per km of road),,7022.34283
4806014,Rocky View County,2000,Daily Vehicles (per km of road),,8133.56298
4806014,Rocky View County,2001,Daily Vehicles (per km of road),,8363.99346
4806014,Rocky View County,2002,Daily Vehicles (per km of road),,4934.13249
4806014,Rocky View County,2003,Daily Vehicles (per km of road),,5005.10047
4806014,Rocky View County,2004,Daily Vehicles (per km of road),,5078.94973
4806014,Rocky View County,2005,Daily Vehicles (per km of road),,5241.12857
4806014,Rocky View County,2006,Daily Vehicles (per km of road),,5580.99432
4806014,Rocky View County,2007,Daily Vehicles (per km of road),,5876.52274
4806014,Rocky View County,2008,Daily Vehicles (per km of road),,5926.44103
4806014,Rocky View County,2009,Daily Vehicles (per km of road),,6118.46531
4806014,Rocky View County,2010,Daily Vehicles (per km of road),,6560.29882
4806014,Rocky View County,2011,Daily Vehicles (per km of road),,6814.12375
4806014,Rocky View County,2012,Daily Vehicles (per km of road),,7063.96192
4806016,Calgary,2000,Daily Vehicles (per km of road),,98038.91823
4806016,Calgary,2001,Daily Vehicles (per km of road),,77131.34732
4806016,Calgary,2002,Daily Vehicles (per km of road),,78776.50224
4806016,Calgary,2003,Daily Vehicles (per km of road),,80752.78153
4806016,Calgary,2004,Daily Vehicles (per km of road),,69172.81319
4806016,Calgary,2005,Daily Vehicles (per km of road),,73723.14319
4806016,Calgary,2006,Daily Vehicles (per km of road),,84919.06093
4806016,Calgary,2007,Daily Vehicles (per km of road),,88868.07958
4806016,Calgary,2008,Daily Vehicles (per km of road),,78341.47307
4806016,Calgary,2009,Daily Vehicles (per km of road),,92433.52548
4806016,Calgary,2010,Daily Vehicles (per km of road),,60760.68285
4806016,Calgary,2011,Daily Vehicles (per km of road),,65334.48421
4806016,Calgary,2012,Daily Vehicles (per km of road),,66817.10119
4806016,Calgary,2013,Daily Vehicles (per km of road),,68479.42500
4806028,Mountain View County,2013,Daily Vehicles (per km of road),,5386.18435
4806028,Mountain View County,2000,Daily Vehicles (per km of road),,7226.78128
4806028,Mountain View County,2001,Daily Vehicles (per km of road),,7418.69431
4806028,Mountain View County,2002,Daily Vehicles (per km of road),,3907.90272
4806028,Mountain View County,2003,Daily Vehicles (per km of road),,3982.85039
4806028,Mountain View County,2004,Daily Vehicles (per km of road),,4052.70661
4806028,Mountain View County,2005,Daily Vehicles (per km of road),,4421.80232
4806028,Mountain View County,2006,Daily Vehicles (per km of road),,4706.45003
4806028,Mountain View County,2007,Daily Vehicles (per km of road),,4803.53355
4806028,Mountain View County,2008,Daily Vehicles (per km of road),,4840.38917
4806028,Mountain View County,2009,Daily Vehicles (per km of road),,4835.86980
4806028,Mountain View County,2010,Daily Vehicles (per km of road),,4872.07266
4806028,Mountain View County,2011,Daily Vehicles (per km of road),,4987.72394
4806028,Mountain View County,2012,Daily Vehicles (per km of road),,5475.08241
4807001,Provost No. 52,2000,Daily Vehicles (per km of road),,1196.79037
4807001,Provost No. 52,2001,Daily Vehicles (per km of road),,1237.65101
4807001,Provost No. 52,2002,Daily Vehicles (per km of road),,696.35889
4807001,Provost No. 52,2003,Daily Vehicles (per km of road),,697.88432
4807001,Provost No. 52,2004,Daily Vehicles (per km of road),,723.78842
4807001,Provost No. 52,2005,Daily Vehicles (per km of road),,747.59037
4807001,Provost No. 52,2006,Daily Vehicles (per km of road),,781.45772
4807001,Provost No. 52,2007,Daily Vehicles (per km of road),,744.47192
4807001,Provost No. 52,2008,Daily Vehicles (per km of road),,749.08754
4807001,Provost No. 52,2009,Daily Vehicles (per km of road),,749.67021
4807001,Provost No. 52,2010,Daily Vehicles (per km of road),,748.09693
4807001,Provost No. 52,2011,Daily Vehicles (per km of road),,796.86875
4807001,Provost No. 52,2012,Daily Vehicles (per km of road),,799.69250
4807001,Provost No. 52,2013,Daily Vehicles (per km of road),,800.47960
4819041,Smoky River No. 130,2013,Daily Vehicles (per km of road),,966.04948
4819041,Smoky River No. 130,2000,Daily Vehicles (per km of road),,1379.30906
4819041,Smoky River No. 130,2001,Daily Vehicles (per km of road),,1456.63077
4819041,Smoky River No. 130,2002,Daily Vehicles (per km of road),,893.17483
4819041,Smoky River No. 130,2003,Daily Vehicles (per km of road),,880.49877
4819041,Smoky River No. 130,2004,Daily Vehicles (per km of road),,884.37391
4819041,Smoky River No. 130,2005,Daily Vehicles (per km of road),,903.84926
4819041,Smoky River No. 130,2006,Daily Vehicles (per km of road),,954.55062
4819041,Smoky River No. 130,2007,Daily Vehicles (per km of road),,927.39511
4819041,Smoky River No. 130,2008,Daily Vehicles (per km of road),,920.57213
4819041,Smoky River No. 130,2009,Daily Vehicles (per km of road),,867.92464
4819041,Smoky River No. 130,2010,Daily Vehicles (per km of road),,896.20533
4819041,Smoky River No. 130,2011,Daily Vehicles (per km of road),,912.78367
4819041,Smoky River No. 130,2012,Daily Vehicles (per km of road),,961.19496
4810036,Vermilion River County,2000,Daily Vehicles (per km of road),,2531.36777
4810036,Vermilion River County,2001,Daily Vehicles (per km of road),,2652.16885
4810036,Vermilion River County,2002,Daily Vehicles (per km of road),,1504.27442
4810036,Vermilion River County,2003,Daily Vehicles (per km of road),,1588.35480
4810036,Vermilion River County,2004,Daily Vehicles (per km of road),,1663.40199
4810036,Vermilion River County,2005,Daily Vehicles (per km of road),,1721.46994
4810036,Vermilion River County,2006,Daily Vehicles (per km of road),,1793.83486
4810036,Vermilion River County,2007,Daily Vehicles (per km of road),,1860.43833
4810036,Vermilion River County,2008,Daily Vehicles (per km of road),,1852.28522
4810036,Vermilion River County,2009,Daily Vehicles (per km of road),,1825.78761
4810036,Vermilion River County,2010,Daily Vehicles (per km of road),,1898.65605
4810036,Vermilion River County,2011,Daily Vehicles (per km of road),,1994.40607
4810036,Vermilion River County,2012,Daily Vehicles (per km of road),,2103.36501
4810036,Vermilion River County,2013,Daily Vehicles (per km of road),,2140.60227
4817026,Northern Sunrise County,2013,Daily Vehicles (per km of road),,891.40919
4817026,Northern Sunrise County,2000,Daily Vehicles (per km of road),,695.84905
4817026,Northern Sunrise County,2001,Daily Vehicles (per km of road),,738.65032
4817026,Northern Sunrise County,2002,Daily Vehicles (per km of road),,773.45257
4817026,Northern Sunrise County,2003,Daily Vehicles (per km of road),,784.58939
4817026,Northern Sunrise County,2004,Daily Vehicles (per km of road),,813.97460
4817026,Northern Sunrise County,2005,Daily Vehicles (per km of road),,833.28718
4817026,Northern Sunrise County,2006,Daily Vehicles (per km of road),,896.39221
4817026,Northern Sunrise County,2007,Daily Vehicles (per km of road),,840.90728
4817026,Northern Sunrise County,2008,Daily Vehicles (per km of road),,857.62689
4817026,Northern Sunrise County,2009,Daily Vehicles (per km of road),,727.27317
4817026,Northern Sunrise County,2010,Daily Vehicles (per km of road),,769.59535
4817026,Northern Sunrise County,2011,Daily Vehicles (per km of road),,869.36042
4817026,Northern Sunrise County,2012,Daily Vehicles (per km of road),,999.47128
4817027,Big Lakes County,2000,Daily Vehicles (per km of road),,1507.63692
4817027,Big Lakes County,2001,Daily Vehicles (per km of road),,1517.29840
4817027,Big Lakes County,2002,Daily Vehicles (per km of road),,1079.64505
4817027,Big Lakes County,2003,Daily Vehicles (per km of road),,1065.07237
4817027,Big Lakes County,2004,Daily Vehicles (per km of road),,1046.11050
4817027,Big Lakes County,2005,Daily Vehicles (per km of road),,1063.17159
4817027,Big Lakes County,2006,Daily Vehicles (per km of road),,1134.82026
4817027,Big Lakes County,2007,Daily Vehicles (per km of road),,1128.68048
4817027,Big Lakes County,2008,Daily Vehicles (per km of road),,1109.09293
4817027,Big Lakes County,2009,Daily Vehicles (per km of road),,1048.18165
4817027,Big Lakes County,2010,Daily Vehicles (per km of road),,1026.61128
4817027,Big Lakes County,2011,Daily Vehicles (per km of road),,1060.24437
4817027,Big Lakes County,2012,Daily Vehicles (per km of road),,1062.14076
4817027,Big Lakes County,2013,Daily Vehicles (per km of road),,1034.81294
4817031,Opportunity No. 17,2013,Daily Vehicles (per km of road),,788.03324
4817031,Opportunity No. 17,2000,Daily Vehicles (per km of road),,368.29352
4817031,Opportunity No. 17,2001,Daily Vehicles (per km of road),,410.00000
4817031,Opportunity No. 17,2002,Daily Vehicles (per km of road),,513.73991
4817031,Opportunity No. 17,2003,Daily Vehicles (per km of road),,544.61576
4817031,Opportunity No. 17,2004,Daily Vehicles (per km of road),,524.15000
4817031,Opportunity No. 17,2005,Daily Vehicles (per km of road),,798.15701
4817031,Opportunity No. 17,2006,Daily Vehicles (per km of road),,817.73717
4817031,Opportunity No. 17,2007,Daily Vehicles (per km of road),,744.20587
4817031,Opportunity No. 17,2008,Daily Vehicles (per km of road),,733.89355
4817031,Opportunity No. 17,2009,Daily Vehicles (per km of road),,661.70730
4817031,Opportunity No. 17,2010,Daily Vehicles (per km of road),,693.50362
4817031,Opportunity No. 17,2011,Daily Vehicles (per km of road),,697.67268
4817031,Opportunity No. 17,2012,Daily Vehicles (per km of road),,816.34455
4813001,Lac Ste. Anne County,2000,Daily Vehicles (per km of road),,3798.01061
4813001,Lac Ste. Anne County,2001,Daily Vehicles (per km of road),,3952.69664
4813001,Lac Ste. Anne County,2002,Daily Vehicles (per km of road),,2159.56263
4813001,Lac Ste. Anne County,2003,Daily Vehicles (per km of road),,2236.36570
4813001,Lac Ste. Anne County,2004,Daily Vehicles (per km of road),,2353.65294
4813001,Lac Ste. Anne County,2005,Daily Vehicles (per km of road),,2439.75809
4813001,Lac Ste. Anne County,2006,Daily Vehicles (per km of road),,2651.25681
4813001,Lac Ste. Anne County,2007,Daily Vehicles (per km of road),,2764.09566
4813001,Lac Ste. Anne County,2008,Daily Vehicles (per km of road),,2742.89876
4813001,Lac Ste. Anne County,2009,Daily Vehicles (per km of road),,2673.98442
4813001,Lac Ste. Anne County,2010,Daily Vehicles (per km of road),,2746.43030
4813001,Lac Ste. Anne County,2011,Daily Vehicles (per km of road),,2829.61968
4813001,Lac Ste. Anne County,2012,Daily Vehicles (per km of road),,2977.21729
4813001,Lac Ste. Anne County,2013,Daily Vehicles (per km of road),,2970.07444
4819049,Birch Hills County,2013,Daily Vehicles (per km of road),,542.83913
4819049,Birch Hills County,2000,Daily Vehicles (per km of road),,868.48179
4819049,Birch Hills County,2001,Daily Vehicles (per km of road),,935.76090
4819049,Birch Hills County,2002,Daily Vehicles (per km of road),,537.55363
4819049,Birch Hills County,2003,Daily Vehicles (per km of road),,537.55363
4819049,Birch Hills County,2004,Daily Vehicles (per km of road),,535.86783
4819049,Birch Hills County,2005,Daily Vehicles (per km of road),,503.61987
4819049,Birch Hills County,2006,Daily Vehicles (per km of road),,522.27246
4819049,Birch Hills County,2007,Daily Vehicles (per km of road),,625.52375
4819049,Birch Hills County,2008,Daily Vehicles (per km of road),,537.56029
4819049,Birch Hills County,2009,Daily Vehicles (per km of road),,513.81945
4819049,Birch Hills County,2010,Daily Vehicles (per km of road),,520.60255
4819049,Birch Hills County,2011,Daily Vehicles (per km of road),,520.60255
4819049,Birch Hills County,2012,Daily Vehicles (per km of road),,547.92824
4819054,Spirit River No. 133,2000,Daily Vehicles (per km of road),,2159.88479
4819054,Spirit River No. 133,2001,Daily Vehicles (per km of road),,2197.51745
4819054,Spirit River No. 133,2002,Daily Vehicles (per km of road),,1683.96576
4819054,Spirit River No. 133,2003,Daily Vehicles (per km of road),,1755.22489
4819054,Spirit River No. 133,2004,Daily Vehicles (per km of road),,1812.42490
4819054,Spirit River No. 133,2005,Daily Vehicles (per km of road),,1917.28294
4819054,Spirit River No. 133,2006,Daily Vehicles (per km of road),,2007.33145
4819054,Spirit River No. 133,2007,Daily Vehicles (per km of road),,1808.62293
4819054,Spirit River No. 133,2008,Daily Vehicles (per km of road),,1774.85196
4819054,Spirit River No. 133,2009,Daily Vehicles (per km of road),,1636.01576
4819054,Spirit River No. 133,2010,Daily Vehicles (per km of road),,1714.81469
4819054,Spirit River No. 133,2011,Daily Vehicles (per km of road),,1733.00265
4819054,Spirit River No. 133,2012,Daily Vehicles (per km of road),,1859.81299
4819054,Spirit River No. 133,2013,Daily Vehicles (per km of road),,1891.45442
4819059,Saddle Hills County,2013,Daily Vehicles (per km of road),,960.79233
4819059,Saddle Hills County,2000,Daily Vehicles (per km of road),,1505.52427
4819059,Saddle Hills County,2001,Daily Vehicles (per km of road),,1450.35680
4819059,Saddle Hills County,2002,Daily Vehicles (per km of road),,745.14653
4819059,Saddle Hills County,2003,Daily Vehicles (per km of road),,761.62686
4819059,Saddle Hills County,2004,Daily Vehicles (per km of road),,789.85171
4819059,Saddle Hills County,2005,Daily Vehicles (per km of road),,867.56814
4819059,Saddle Hills County,2006,Daily Vehicles (per km of road),,946.43797
4819059,Saddle Hills County,2007,Daily Vehicles (per km of road),,879.57784
4819059,Saddle Hills County,2008,Daily Vehicles (per km of road),,900.77249
4819059,Saddle Hills County,2009,Daily Vehicles (per km of road),,848.86336
4819059,Saddle Hills County,2010,Daily Vehicles (per km of road),,902.44434
4819059,Saddle Hills County,2011,Daily Vehicles (per km of road),,884.51450
4819059,Saddle Hills County,2012,Daily Vehicles (per km of road),,938.95614
4819066,Fairview No. 136,2000,Daily Vehicles (per km of road),,1664.25733
4819066,Fairview No. 136,2001,Daily Vehicles (per km of road),,1697.19440
4819066,Fairview No. 136,2002,Daily Vehicles (per km of road),,1377.58893
4819066,Fairview No. 136,2003,Daily Vehicles (per km of road),,1384.95572
4819066,Fairview No. 136,2004,Daily Vehicles (per km of road),,1458.86874
4819066,Fairview No. 136,2005,Daily Vehicles (per km of road),,1543.55951
4819066,Fairview No. 136,2006,Daily Vehicles (per km of road),,1615.39581
4819066,Fairview No. 136,2007,Daily Vehicles (per km of road),,1558.19040
4819066,Fairview No. 136,2008,Daily Vehicles (per km of road),,1547.13940
4819066,Fairview No. 136,2009,Daily Vehicles (per km of road),,1425.57845
4819066,Fairview No. 136,2010,Daily Vehicles (per km of road),,1486.35893
4819066,Fairview No. 136,2011,Daily Vehicles (per km of road),,1510.30275
4819066,Fairview No. 136,2012,Daily Vehicles (per km of road),,1541.60354
4819066,Fairview No. 136,2013,Daily Vehicles (per km of road),,1534.23626
4819012,Grande Prairie,2013,Daily Vehicles (per km of road),,16800.96359
4819012,Grande Prairie,2000,Daily Vehicles (per km of road),,19402.85918
4819012,Grande Prairie,2001,Daily Vehicles (per km of road),,19916.23721
4819012,Grande Prairie,2002,Daily Vehicles (per km of road),,20105.85856
4819012,Grande Prairie,2003,Daily Vehicles (per km of road),,21178.63242
4819012,Grande Prairie,2004,Daily Vehicles (per km of road),,22592.47826
4819012,Grande Prairie,2005,Daily Vehicles (per km of road),,24119.25054
4819012,Grande Prairie,2006,Daily Vehicles (per km of road),,26086.05638
4819012,Grande Prairie,2007,Daily Vehicles (per km of road),,26396.60467
4819012,Grande Prairie,2008,Daily Vehicles (per km of road),,24395.29347
4819012,Grande Prairie,2009,Daily Vehicles (per km of road),,21979.91788
4819012,Grande Prairie,2010,Daily Vehicles (per km of road),,15386.84562
4819012,Grande Prairie,2011,Daily Vehicles (per km of road),,16345.66982
4819012,Grande Prairie,2012,Daily Vehicles (per km of road),,16846.80524
4811032,Brazeau County,2000,Daily Vehicles (per km of road),,3598.54077
4811032,Brazeau County,2001,Daily Vehicles (per km of road),,3748.48430
4811032,Brazeau County,2002,Daily Vehicles (per km of road),,1726.34379
4811032,Brazeau County,2003,Daily Vehicles (per km of road),,1732.48736
4811032,Brazeau County,2004,Daily Vehicles (per km of road),,1822.06911
4811032,Brazeau County,2005,Daily Vehicles (per km of road),,1948.52264
4811032,Brazeau County,2006,Daily Vehicles (per km of road),,2094.81720
4811032,Brazeau County,2007,Daily Vehicles (per km of road),,2079.20863
4811032,Brazeau County,2008,Daily Vehicles (per km of road),,2062.01403
4811032,Brazeau County,2009,Daily Vehicles (per km of road),,1921.91625
4811032,Brazeau County,2010,Daily Vehicles (per km of road),,2047.25862
4811032,Brazeau County,2011,Daily Vehicles (per km of road),,2195.95892
4811032,Brazeau County,2012,Daily Vehicles (per km of road),,2344.86039
4811032,Brazeau County,2013,Daily Vehicles (per km of road),,2307.99151
4811034,Parkland County,2013,Daily Vehicles (per km of road),,8956.01701
4811034,Parkland County,2000,Daily Vehicles (per km of road),,10792.56781
4811034,Parkland County,2001,Daily Vehicles (per km of road),,11299.69565
4811034,Parkland County,2002,Daily Vehicles (per km of road),,6467.41478
4811034,Parkland County,2003,Daily Vehicles (per km of road),,6543.10677
4811034,Parkland County,2004,Daily Vehicles (per km of road),,6788.31627
4811034,Parkland County,2005,Daily Vehicles (per km of road),,7066.12238
4811034,Parkland County,2006,Daily Vehicles (per km of road),,7807.41940
4811034,Parkland County,2007,Daily Vehicles (per km of road),,7886.69586
4811034,Parkland County,2008,Daily Vehicles (per km of road),,8044.56133
4811034,Parkland County,2009,Daily Vehicles (per km of road),,8008.74926
4811034,Parkland County,2010,Daily Vehicles (per km of road),,8232.39201
4811034,Parkland County,2011,Daily Vehicles (per km of road),,8289.42110
4811034,Parkland County,2012,Daily Vehicles (per km of road),,8716.85935
4811052,Strathcona County,2000,Daily Vehicles (per km of road),,11140.31897
4811052,Strathcona County,2001,Daily Vehicles (per km of road),,11699.87146
4811052,Strathcona County,2002,Daily Vehicles (per km of road),,7799.41931
4811052,Strathcona County,2003,Daily Vehicles (per km of road),,7819.83664
4811052,Strathcona County,2004,Daily Vehicles (per km of road),,7961.57129
4811052,Strathcona County,2005,Daily Vehicles (per km of road),,8095.06027
4811052,Strathcona County,2006,Daily Vehicles (per km of road),,8525.32799
4811052,Strathcona County,2007,Daily Vehicles (per km of road),,11036.09751
4811052,Strathcona County,2008,Daily Vehicles (per km of road),,13331.99784
4811052,Strathcona County,2009,Daily Vehicles (per km of road),,13993.90972
4811052,Strathcona County,2010,Daily Vehicles (per km of road),,14665.82970
4811052,Strathcona County,2011,Daily Vehicles (per km of road),,14903.63382
4811052,Strathcona County,2012,Daily Vehicles (per km of road),,17689.45935
4811052,Strathcona County,2013,Daily Vehicles (per km of road),,18810.69162
4811059,Sturgeon County,2013,Daily Vehicles (per km of road),,4740.02897
4811059,Sturgeon County,2000,Daily Vehicles (per km of road),,5028.52261
4811059,Sturgeon County,2001,Daily Vehicles (per km of road),,5153.50425
4811059,Sturgeon County,2002,Daily Vehicles (per km of road),,3718.76839
4811059,Sturgeon County,2003,Daily Vehicles (per km of road),,3739.12563
4811059,Sturgeon County,2004,Daily Vehicles (per km of road),,3774.46326
4811059,Sturgeon County,2005,Daily Vehicles (per km of road),,3932.43118
4811059,Sturgeon County,2006,Daily Vehicles (per km of road),,4102.61026
4811059,Sturgeon County,2007,Daily Vehicles (per km of road),,4263.06394
4811059,Sturgeon County,2008,Daily Vehicles (per km of road),,4463.21859
4811059,Sturgeon County,2009,Daily Vehicles (per km of road),,4363.52471
4811059,Sturgeon County,2010,Daily Vehicles (per km of road),,4538.10354
4811059,Sturgeon County,2011,Daily Vehicles (per km of road),,4566.49061
4811059,Sturgeon County,2012,Daily Vehicles (per km of road),,4537.03479
4817095,Mackenzie County,2000,Daily Vehicles (per km of road),,784.61222
4817095,Mackenzie County,2001,Daily Vehicles (per km of road),,802.96208
4817095,Mackenzie County,2002,Daily Vehicles (per km of road),,733.04769
4817095,Mackenzie County,2003,Daily Vehicles (per km of road),,758.89823
4817095,Mackenzie County,2004,Daily Vehicles (per km of road),,759.34634
4817095,Mackenzie County,2005,Daily Vehicles (per km of road),,875.91193
4817095,Mackenzie County,2006,Daily Vehicles (per km of road),,890.52658
4817095,Mackenzie County,2007,Daily Vehicles (per km of road),,783.42428
4817095,Mackenzie County,2008,Daily Vehicles (per km of road),,716.99399
4817095,Mackenzie County,2009,Daily Vehicles (per km of road),,679.31854
4817095,Mackenzie County,2010,Daily Vehicles (per km of road),,708.86923
4817095,Mackenzie County,2011,Daily Vehicles (per km of road),,729.29252
4817095,Mackenzie County,2012,Daily Vehicles (per km of road),,795.56644
4817095,Mackenzie County,2013,Daily Vehicles (per km of road),,716.21613
4817062,Clear Hills,2013,Daily Vehicles (per km of road),,447.03090
4817062,Clear Hills,2000,Daily Vehicles (per km of road),,505.26304
4817062,Clear Hills,2001,Daily Vehicles (per km of road),,525.40048
4817062,Clear Hills,2002,Daily Vehicles (per km of road),,398.82288
4817062,Clear Hills,2003,Daily Vehicles (per km of road),,463.14915
4817062,Clear Hills,2004,Daily Vehicles (per km of road),,430.39939
4817062,Clear Hills,2005,Daily Vehicles (per km of road),,518.37325
4817062,Clear Hills,2006,Daily Vehicles (per km of road),,537.68703
4817062,Clear Hills,2007,Daily Vehicles (per km of road),,765.30948
4817062,Clear Hills,2008,Daily Vehicles (per km of road),,561.34365
4817062,Clear Hills,2009,Daily Vehicles (per km of road),,466.92495
4817062,Clear Hills,2010,Daily Vehicles (per km of road),,472.77816
4817062,Clear Hills,2011,Daily Vehicles (per km of road),,484.26948
4817062,Clear Hills,2012,Daily Vehicles (per km of road),,449.38504
4818015,Greenview No. 16,2000,Daily Vehicles (per km of road),,2104.37016
4818015,Greenview No. 16,2001,Daily Vehicles (per km of road),,2216.29545
4818015,Greenview No. 16,2002,Daily Vehicles (per km of road),,1757.82515
4818015,Greenview No. 16,2003,Daily Vehicles (per km of road),,1811.72849
4818015,Greenview No. 16,2004,Daily Vehicles (per km of road),,1964.81934
4818015,Greenview No. 16,2005,Daily Vehicles (per km of road),,2376.65244
4818015,Greenview No. 16,2006,Daily Vehicles (per km of road),,2745.87596
4818015,Greenview No. 16,2007,Daily Vehicles (per km of road),,2787.59422
4818015,Greenview No. 16,2008,Daily Vehicles (per km of road),,2489.84402
4818015,Greenview No. 16,2009,Daily Vehicles (per km of road),,2166.67658
4818015,Greenview No. 16,2010,Daily Vehicles (per km of road),,2348.86419
4818015,Greenview No. 16,2011,Daily Vehicles (per km of road),,2445.49481
4818015,Greenview No. 16,2012,Daily Vehicles (per km of road),,2856.28173
4818015,Greenview No. 16,2013,Daily Vehicles (per km of road),,2828.48184
4819006,Grande Prairie County No. 1,2013,Daily Vehicles (per km of road),,2941.83894
4819006,Grande Prairie County No. 1,2000,Daily Vehicles (per km of road),,3725.27255
4819006,Grande Prairie County No. 1,2001,Daily Vehicles (per km of road),,3964.52028
4819006,Grande Prairie County No. 1,2002,Daily Vehicles (per km of road),,2224.90440
4819006,Grande Prairie County No. 1,2003,Daily Vehicles (per km of road),,2326.98335
4819006,Grande Prairie County No. 1,2004,Daily Vehicles (per km of road),,2437.42397
4819006,Grande Prairie County No. 1,2005,Daily Vehicles (per km of road),,2625.63828
4819006,Grande Prairie County No. 1,2006,Daily Vehicles (per km of road),,2875.77701
4819006,Grande Prairie County No. 1,2007,Daily Vehicles (per km of road),,2831.93185
4819006,Grande Prairie County No. 1,2008,Daily Vehicles (per km of road),,2747.58371
4819006,Grande Prairie County No. 1,2009,Daily Vehicles (per km of road),,2630.33374
4819006,Grande Prairie County No. 1,2010,Daily Vehicles (per km of road),,2763.76694
4819006,Grande Prairie County No. 1,2011,Daily Vehicles (per km of road),,2799.71714
4819006,Grande Prairie County No. 1,2012,Daily Vehicles (per km of road),,2908.44307
4812004,Bonnyville No. 87,2000,Daily Vehicles (per km of road),,2288.69523
4812004,Bonnyville No. 87,2001,Daily Vehicles (per km of road),,1949.91618
4812004,Bonnyville No. 87,2002,Daily Vehicles (per km of road),,1283.34315
4812004,Bonnyville No. 87,2003,Daily Vehicles (per km of road),,1240.92799
4812004,Bonnyville No. 87,2004,Daily Vehicles (per km of road),,1284.11133
4812004,Bonnyville No. 87,2005,Daily Vehicles (per km of road),,1315.02915
4812004,Bonnyville No. 87,2006,Daily Vehicles (per km of road),,1370.39535
4812004,Bonnyville No. 87,2007,Daily Vehicles (per km of road),,1513.47107
4812004,Bonnyville No. 87,2008,Daily Vehicles (per km of road),,1609.83877
4812004,Bonnyville No. 87,2009,Daily Vehicles (per km of road),,1633.91629
4812004,Bonnyville No. 87,2010,Daily Vehicles (per km of road),,1637.21676
4812004,Bonnyville No. 87,2011,Daily Vehicles (per km of road),,1684.89907
4812004,Bonnyville No. 87,2012,Daily Vehicles (per km of road),,1805.15271
4812004,Bonnyville No. 87,2013,Daily Vehicles (per km of road),,2016.32345
4812014,St. Paul County No. 19,2013,Daily Vehicles (per km of road),,1656.58981
4812014,St. Paul County No. 19,2000,Daily Vehicles (per km of road),,1917.94068
4812014,St. Paul County No. 19,2001,Daily Vehicles (per km of road),,2069.74879
4812014,St. Paul County No. 19,2002,Daily Vehicles (per km of road),,1140.07514
4812014,St. Paul County No. 19,2003,Daily Vehicles (per km of road),,1145.92077
4812014,St. Paul County No. 19,2004,Daily Vehicles (per km of road),,1201.18248
4812014,St. Paul County No. 19,2005,Daily Vehicles (per km of road),,1218.94446
4812014,St. Paul County No. 19,2006,Daily Vehicles (per km of road),,1257.70064
4812014,St. Paul County No. 19,2007,Daily Vehicles (per km of road),,1379.08158
4812014,St. Paul County No. 19,2008,Daily Vehicles (per km of road),,1393.88566
4812014,St. Paul County No. 19,2009,Daily Vehicles (per km of road),,1378.41837
4812014,St. Paul County No. 19,2010,Daily Vehicles (per km of road),,1403.33360
4812014,St. Paul County No. 19,2011,Daily Vehicles (per km of road),,1451.12964
4812014,St. Paul County No. 19,2012,Daily Vehicles (per km of road),,1530.61084
4812022,Smoky Lake County,2000,Daily Vehicles (per km of road),,1740.34891
4812022,Smoky Lake County,2001,Daily Vehicles (per km of road),,1835.30457
4812022,Smoky Lake County,2002,Daily Vehicles (per km of road),,1139.95012
4812022,Smoky Lake County,2003,Daily Vehicles (per km of road),,1145.24729
4812022,Smoky Lake County,2004,Daily Vehicles (per km of road),,1174.79784
4812022,Smoky Lake County,2005,Daily Vehicles (per km of road),,1223.47029
4812022,Smoky Lake County,2006,Daily Vehicles (per km of road),,1289.19560
4812022,Smoky Lake County,2007,Daily Vehicles (per km of road),,1326.37959
4812022,Smoky Lake County,2008,Daily Vehicles (per km of road),,1341.21131
4812022,Smoky Lake County,2009,Daily Vehicles (per km of road),,1405.83523
4812022,Smoky Lake County,2010,Daily Vehicles (per km of road),,1448.21158
4812022,Smoky Lake County,2011,Daily Vehicles (per km of road),,1529.78604
4812022,Smoky Lake County,2012,Daily Vehicles (per km of road),,1641.15683
4812022,Smoky Lake County,2013,Daily Vehicles (per km of road),,1706.80310
4819071,Peace No. 135,2013,Daily Vehicles (per km of road),,2102.23465
4819071,Peace No. 135,2000,Daily Vehicles (per km of road),,2576.75861
4819071,Peace No. 135,2001,Daily Vehicles (per km of road),,2629.75282
4819071,Peace No. 135,2002,Daily Vehicles (per km of road),,1674.12869
4819071,Peace No. 135,2003,Daily Vehicles (per km of road),,1661.50056
4819071,Peace No. 135,2004,Daily Vehicles (per km of road),,1710.07630
4819071,Peace No. 135,2005,Daily Vehicles (per km of road),,1744.19914
4819071,Peace No. 135,2006,Daily Vehicles (per km of road),,1829.00679
4819071,Peace No. 135,2007,Daily Vehicles (per km of road),,1886.49634
4819071,Peace No. 135,2008,Daily Vehicles (per km of road),,1944.15430
4819071,Peace No. 135,2009,Daily Vehicles (per km of road),,1909.91989
4819071,Peace No. 135,2010,Daily Vehicles (per km of road),,1951.37438
4819071,Peace No. 135,2011,Daily Vehicles (per km of road),,2045.19024
4819071,Peace No. 135,2012,Daily Vehicles (per km of road),,2066.14478
4815013,Kananaskis,2000,Daily Vehicles (per km of road),,2579.35882
4815013,Kananaskis,2001,Daily Vehicles (per km of road),,2590.80639
4815013,Kananaskis,2002,Daily Vehicles (per km of road),,2659.76923
4815013,Kananaskis,2003,Daily Vehicles (per km of road),,2652.32723
4815013,Kananaskis,2004,Daily Vehicles (per km of road),,2713.29263
4815013,Kananaskis,2005,Daily Vehicles (per km of road),,2688.07802
4815013,Kananaskis,2006,Daily Vehicles (per km of road),,2824.04588
4815013,Kananaskis,2007,Daily Vehicles (per km of road),,2867.19494
4815013,Kananaskis,2008,Daily Vehicles (per km of road),,2868.68284
4815013,Kananaskis,2009,Daily Vehicles (per km of road),,2858.85749
4815013,Kananaskis,2010,Daily Vehicles (per km of road),,2927.07680
4815013,Kananaskis,2011,Daily Vehicles (per km of road),,3010.40995
4815013,Kananaskis,2012,Daily Vehicles (per km of road),,3154.42933
4815013,Kananaskis,2013,Daily Vehicles (per km of road),,3169.30871
4815015,Bighorn No. 8,2013,Daily Vehicles (per km of road),,4091.93448
4815015,Bighorn No. 8,2000,Daily Vehicles (per km of road),,4284.58447
4815015,Bighorn No. 8,2001,Daily Vehicles (per km of road),,4347.29868
4815015,Bighorn No. 8,2002,Daily Vehicles (per km of road),,3472.62239
4815015,Bighorn No. 8,2003,Daily Vehicles (per km of road),,3459.60724
4815015,Bighorn No. 8,2004,Daily Vehicles (per km of road),,3536.55799
4815015,Bighorn No. 8,2005,Daily Vehicles (per km of road),,3565.59346
4815015,Bighorn No. 8,2006,Daily Vehicles (per km of road),,3680.02504
4815015,Bighorn No. 8,2007,Daily Vehicles (per km of road),,3688.64148
4815015,Bighorn No. 8,2008,Daily Vehicles (per km of road),,3772.95967
4815015,Bighorn No. 8,2009,Daily Vehicles (per km of road),,3681.08160
4815015,Bighorn No. 8,2010,Daily Vehicles (per km of road),,3781.41313
4815015,Bighorn No. 8,2011,Daily Vehicles (per km of road),,3901.74866
4815015,Bighorn No. 8,2012,Daily Vehicles (per km of road),,4076.24154
4815045,Ranchland No. 66,2000,Daily Vehicles (per km of road),,2699.62231
4815045,Ranchland No. 66,2001,Daily Vehicles (per km of road),,3271.97875
4815045,Ranchland No. 66,2002,Daily Vehicles (per km of road),,2446.16367
4815045,Ranchland No. 66,2003,Daily Vehicles (per km of road),,2543.99724
4815045,Ranchland No. 66,2004,Daily Vehicles (per km of road),,2528.26495
4815045,Ranchland No. 66,2005,Daily Vehicles (per km of road),,2539.60177
4815045,Ranchland No. 66,2006,Daily Vehicles (per km of road),,2721.77774
4815045,Ranchland No. 66,2007,Daily Vehicles (per km of road),,2780.73275
4815045,Ranchland No. 66,2008,Daily Vehicles (per km of road),,2844.34428
4815045,Ranchland No. 66,2009,Daily Vehicles (per km of road),,2719.39306
4815045,Ranchland No. 66,2010,Daily Vehicles (per km of road),,2817.08220
4815045,Ranchland No. 66,2011,Daily Vehicles (per km of road),,2726.20858
4815045,Ranchland No. 66,2012,Daily Vehicles (per km of road),,2872.91662
4815045,Ranchland No. 66,2013,Daily Vehicles (per km of road),,2922.91992
4816037,Wood Buffalo,2013,Daily Vehicles (per km of road),,7053.14716
4816037,Wood Buffalo,2000,Daily Vehicles (per km of road),,4308.91053
4816037,Wood Buffalo,2001,Daily Vehicles (per km of road),,5124.13179
4816037,Wood Buffalo,2002,Daily Vehicles (per km of road),,2915.05680
4816037,Wood Buffalo,2003,Daily Vehicles (per km of road),,3014.82321
4816037,Wood Buffalo,2004,Daily Vehicles (per km of road),,3314.71656
4816037,Wood Buffalo,2005,Daily Vehicles (per km of road),,4312.07516
4816037,Wood Buffalo,2006,Daily Vehicles (per km of road),,4923.82520
4816037,Wood Buffalo,2007,Daily Vehicles (per km of road),,5232.66017
4816037,Wood Buffalo,2008,Daily Vehicles (per km of road),,5594.84189
4816037,Wood Buffalo,2009,Daily Vehicles (per km of road),,5276.28913
4816037,Wood Buffalo,2010,Daily Vehicles (per km of road),,5592.74825
4816037,Wood Buffalo,2011,Daily Vehicles (per km of road),,6440.94228
4816037,Wood Buffalo,2012,Daily Vehicles (per km of road),,6969.30547
4811012,Leduc County,2000,Daily Vehicles (per km of road),,10081.72982
4811012,Leduc County,2001,Daily Vehicles (per km of road),,10560.21344
4811012,Leduc County,2002,Daily Vehicles (per km of road),,5625.90778
4811012,Leduc County,2003,Daily Vehicles (per km of road),,5721.49004
4811012,Leduc County,2004,Daily Vehicles (per km of road),,6033.95138
4811012,Leduc County,2005,Daily Vehicles (per km of road),,6027.30680
4811012,Leduc County,2006,Daily Vehicles (per km of road),,7260.00327
4811012,Leduc County,2007,Daily Vehicles (per km of road),,7700.59659
4811012,Leduc County,2008,Daily Vehicles (per km of road),,7707.27084
4811012,Leduc County,2009,Daily Vehicles (per km of road),,7701.08803
4811012,Leduc County,2010,Daily Vehicles (per km of road),,7954.21794
4811012,Leduc County,2011,Daily Vehicles (per km of road),,8241.95209
4811012,Leduc County,2012,Daily Vehicles (per km of road),,8760.49477
4811012,Leduc County,2013,Daily Vehicles (per km of road),,8925.46464
4811001,Wetaskiwin County No. 10,2013,Daily Vehicles (per km of road),,3102.70148
4811001,Wetaskiwin County No. 10,2000,Daily Vehicles (per km of road),,4236.28144
4811001,Wetaskiwin County No. 10,2001,Daily Vehicles (per km of road),,4305.55089
4811001,Wetaskiwin County No. 10,2002,Daily Vehicles (per km of road),,2400.70030
4811001,Wetaskiwin County No. 10,2003,Daily Vehicles (per km of road),,2439.54841
4811001,Wetaskiwin County No. 10,2004,Daily Vehicles (per km of road),,2539.43245
4811001,Wetaskiwin County No. 10,2005,Daily Vehicles (per km of road),,2683.67674
4811001,Wetaskiwin County No. 10,2006,Daily Vehicles (per km of road),,2816.82663
4811001,Wetaskiwin County No. 10,2007,Daily Vehicles (per km of road),,2907.78933
4811001,Wetaskiwin County No. 10,2008,Daily Vehicles (per km of road),,2885.16297
4811001,Wetaskiwin County No. 10,2009,Daily Vehicles (per km of road),,2826.10392
4811001,Wetaskiwin County No. 10,2010,Daily Vehicles (per km of road),,2906.99833
4811001,Wetaskiwin County No. 10,2011,Daily Vehicles (per km of road),,2953.80152
4811001,Wetaskiwin County No. 10,2012,Daily Vehicles (per km of road),,3055.48228
4817076,Northern Lights County,2000,Daily Vehicles (per km of road),,1417.56278
4817076,Northern Lights County,2001,Daily Vehicles (per km of road),,1458.09449
4817076,Northern Lights County,2002,Daily Vehicles (per km of road),,781.70934
4817076,Northern Lights County,2003,Daily Vehicles (per km of road),,781.70934
4817076,Northern Lights County,2004,Daily Vehicles (per km of road),,772.31829
4817076,Northern Lights County,2005,Daily Vehicles (per km of road),,902.88014
4817076,Northern Lights County,2006,Daily Vehicles (per km of road),,866.11465
4817076,Northern Lights County,2007,Daily Vehicles (per km of road),,853.09055
4817076,Northern Lights County,2008,Daily Vehicles (per km of road),,858.51209
4817076,Northern Lights County,2009,Daily Vehicles (per km of road),,815.72190
4817076,Northern Lights County,2010,Daily Vehicles (per km of road),,809.21572
4817076,Northern Lights County,2011,Daily Vehicles (per km of road),,826.82509
4817076,Northern Lights County,2012,Daily Vehicles (per km of road),,828.11563
4817076,Northern Lights County,2013,Daily Vehicles (per km of road),,841.68106
4813036,Thorhild County,2013,Daily Vehicles (per km of road),,2052.22923
4813036,Thorhild County,2000,Daily Vehicles (per km of road),,1782.84153
4813036,Thorhild County,2001,Daily Vehicles (per km of road),,1892.55040
4813036,Thorhild County,2002,Daily Vehicles (per km of road),,1281.89485
4813036,Thorhild County,2003,Daily Vehicles (per km of road),,1278.15391
4813036,Thorhild County,2004,Daily Vehicles (per km of road),,1329.26797
4813036,Thorhild County,2005,Daily Vehicles (per km of road),,1402.71778
4813036,Thorhild County,2006,Daily Vehicles (per km of road),,1488.54791
4813036,Thorhild County,2007,Daily Vehicles (per km of road),,1611.86753
4813036,Thorhild County,2008,Daily Vehicles (per km of road),,1641.78619
4813036,Thorhild County,2009,Daily Vehicles (per km of road),,1578.20905
4813036,Thorhild County,2010,Daily Vehicles (per km of road),,1664.22518
4813036,Thorhild County,2011,Daily Vehicles (per km of road),,1760.20619
4813036,Thorhild County,2012,Daily Vehicles (per km of road),,1888.89872
4813044,Athabasca County,2000,Daily Vehicles (per km of road),,2117.83789
4813044,Athabasca County,2001,Daily Vehicles (per km of road),,2236.83956
4813044,Athabasca County,2002,Daily Vehicles (per km of road),,1388.32077
4813044,Athabasca County,2003,Daily Vehicles (per km of road),,1445.05929
4813044,Athabasca County,2004,Daily Vehicles (per km of road),,1504.90228
4813044,Athabasca County,2005,Daily Vehicles (per km of road),,1694.70900
4813044,Athabasca County,2006,Daily Vehicles (per km of road),,1745.66193
4813044,Athabasca County,2007,Daily Vehicles (per km of road),,1849.65269
4813044,Athabasca County,2008,Daily Vehicles (per km of road),,1895.51185
4813044,Athabasca County,2009,Daily Vehicles (per km of road),,1792.62271
4813044,Athabasca County,2010,Daily Vehicles (per km of road),,1900.21535
4813044,Athabasca County,2011,Daily Vehicles (per km of road),,2040.23700
4813044,Athabasca County,2012,Daily Vehicles (per km of road),,2136.01850
4813044,Athabasca County,2013,Daily Vehicles (per km of road),,2122.22494
4817033,Lesser Slave River No.124,2013,Daily Vehicles (per km of road),,1885.02393
4817033,Lesser Slave River No.124,2000,Daily Vehicles (per km of road),,1738.64343
4817033,Lesser Slave River No.124,2001,Daily Vehicles (per km of road),,1764.91955
4817033,Lesser Slave River No.124,2002,Daily Vehicles (per km of road),,1518.93340
4817033,Lesser Slave River No.124,2003,Daily Vehicles (per km of road),,1488.88256
4817033,Lesser Slave River No.124,2004,Daily Vehicles (per km of road),,1532.37895
4817033,Lesser Slave River No.124,2005,Daily Vehicles (per km of road),,1719.38298
4817033,Lesser Slave River No.124,2006,Daily Vehicles (per km of road),,1842.94073
4817033,Lesser Slave River No.124,2007,Daily Vehicles (per km of road),,1612.49262
4817033,Lesser Slave River No.124,2008,Daily Vehicles (per km of road),,1579.71468
4817033,Lesser Slave River No.124,2009,Daily Vehicles (per km of road),,1560.63052
4817033,Lesser Slave River No.124,2010,Daily Vehicles (per km of road),,1676.26093
4817033,Lesser Slave River No.124,2011,Daily Vehicles (per km of road),,1831.04874
4817033,Lesser Slave River No.124,2012,Daily Vehicles (per km of road),,1902.32811
4810058,Lamont County,2000,Daily Vehicles (per km of road),,2676.52962
4810058,Lamont County,2001,Daily Vehicles (per km of road),,2825.57099
4810058,Lamont County,2002,Daily Vehicles (per km of road),,1897.78470
4810058,Lamont County,2003,Daily Vehicles (per km of road),,1892.27704
4810058,Lamont County,2004,Daily Vehicles (per km of road),,1925.31751
4810058,Lamont County,2005,Daily Vehicles (per km of road),,2007.01866
4810058,Lamont County,2006,Daily Vehicles (per km of road),,2038.48897
4810058,Lamont County,2007,Daily Vehicles (per km of road),,2147.11085
4810058,Lamont County,2008,Daily Vehicles (per km of road),,2259.61977
4810058,Lamont County,2009,Daily Vehicles (per km of road),,2230.51547
4810058,Lamont County,2010,Daily Vehicles (per km of road),,2298.97176
4810058,Lamont County,2011,Daily Vehicles (per km of road),,2398.62420
4810058,Lamont County,2012,Daily Vehicles (per km of road),,2509.37948
4810058,Lamont County,2013,Daily Vehicles (per km of road),,2544.80045
4810048,Two Hills County No. 21,2013,Daily Vehicles (per km of road),,839.10857
4810048,Two Hills County No. 21,2000,Daily Vehicles (per km of road),,798.79734
4810048,Two Hills County No. 21,2001,Daily Vehicles (per km of road),,833.66474
4810048,Two Hills County No. 21,2002,Daily Vehicles (per km of road),,597.61947
4810048,Two Hills County No. 21,2003,Daily Vehicles (per km of road),,602.69121
4810048,Two Hills County No. 21,2004,Daily Vehicles (per km of road),,607.47243
4810048,Two Hills County No. 21,2005,Daily Vehicles (per km of road),,612.62636
4810048,Two Hills County No. 21,2006,Daily Vehicles (per km of road),,661.86826
4810048,Two Hills County No. 21,2007,Daily Vehicles (per km of road),,693.14627
4810048,Two Hills County No. 21,2008,Daily Vehicles (per km of road),,706.21397
4810048,Two Hills County No. 21,2009,Daily Vehicles (per km of road),,699.67495
4810048,Two Hills County No. 21,2010,Daily Vehicles (per km of road),,702.94446
4810048,Two Hills County No. 21,2011,Daily Vehicles (per km of road),,721.74629
4810048,Two Hills County No. 21,2012,Daily Vehicles (per km of road),,783.05969
4814003,Yellowhead County,2000,Daily Vehicles (per km of road),,2690.80999
4814003,Yellowhead County,2001,Daily Vehicles (per km of road),,2949.29342
4814003,Yellowhead County,2002,Daily Vehicles (per km of road),,2394.82375
4814003,Yellowhead County,2003,Daily Vehicles (per km of road),,2389.38952
4814003,Yellowhead County,2004,Daily Vehicles (per km of road),,2512.83478
4814003,Yellowhead County,2005,Daily Vehicles (per km of road),,2998.90993
4814003,Yellowhead County,2006,Daily Vehicles (per km of road),,3270.65918
4814003,Yellowhead County,2007,Daily Vehicles (per km of road),,2966.21577
4814003,Yellowhead County,2008,Daily Vehicles (per km of road),,2788.64235
4814003,Yellowhead County,2009,Daily Vehicles (per km of road),,2676.00019
4814003,Yellowhead County,2010,Daily Vehicles (per km of road),,2745.37643
4814003,Yellowhead County,2011,Daily Vehicles (per km of road),,2786.16294
4814003,Yellowhead County,2012,Daily Vehicles (per km of road),,2921.68495
4814003,Yellowhead County,2013,Daily Vehicles (per km of road),,3025.82072
